Source,Target
ActiproSoftware.CodeHighlighter.Net20.dll,ActiproSoftware.Shared.Net20.dll
Beisen.ActivityEngine.ServiceImp.dll,Beisen.ActivityEngine.ServiceInterface.dll
Beisen.ActivityEngine.ServiceImp.dll,Beisen.Configuration.dll
Beisen.ActivityEngine.ServiceImp.dll,Beisen.Logging.dll
Beisen.ActivityEngine.ServiceImp.dll,Beisen.Queue.dll
Beisen.ActivityEngine.ServiceImp.dll,Newtonsoft.Json.dll
Beisen.ActivityEngine.ServiceImp.dll,Beisen.Common.dll
Beisen.ActivityEngine.ServiceImp.dll,Beisen.ESB.ClientProxyFactory.dll
Beisen.ActivityEngine.ServiceInterface.dll,Beisen.Common.dll
Beisen.Assessment.Design.Model.dll,Beisen.BSP.Helpers.dll
Beisen.Assessment.Design.Model.dll,Beisen.Configuration.dll
Beisen.Assessment.Design.ServiceImp.dll,Beisen.BSP.Helpers.dll
Beisen.Assessment.Design.ServiceImp.dll,Beisen.Assessment.Design.Model.dll
Beisen.Assessment.Design.ServiceImp.dll,Beisen.Assessment.Design.ServiceInterface.dll
Beisen.Assessment.Design.ServiceImp.dll,Beisen.Logging.dll
Beisen.Assessment.Design.ServiceImp.dll,Beisen.Configuration.dll
Beisen.Assessment.Design.ServiceImp.dll,Beisen.Common.dll
Beisen.Assessment.Design.ServiceInterface.dll,Beisen.Assessment.Design.Model.dll
Beisen.Assessment.Exceptions.dll,Beisen.Common.dll
Beisen.Assessment.Model.dll,MySpace.Shared.dll
Beisen.Assessment.Model.dll,Beisen.Entity.dll
Beisen.Assessment.Model.dll,Beisen.Common.dll
Beisen.Assessment.Model.dll,Beisen.Configuration.dll
Beisen.Assessment.OpenAPI.ServiceImp.dll,Beisen.Assessment.OpenAPI.ServiceInterface.dll
Beisen.Assessment.OpenAPI.ServiceImp.dll,Beisen.Logging.dll
Beisen.Assessment.OpenAPI.ServiceImp.dll,Beisen.Assessment.ServiceInterface.dll
Beisen.Assessment.OpenAPI.ServiceImp.dll,Beisen.Assessment.Model.dll
Beisen.Assessment.OpenAPI.ServiceImp.dll,Beisen.ReportEngine.ServiceInterface.dll
Beisen.Assessment.OpenAPI.ServiceImp.dll,Beisen.Assessment.ServiceImp.dll
Beisen.Assessment.OpenAPI.ServiceImp.dll,Beisen.ESB.ClientProxyFactory.dll
Beisen.Assessment.OpenAPI.ServiceImp.dll,Beisen.Common.dll
Beisen.Assessment.OpenAPI.ServiceImp.dll,Beisen.Data.dll
Beisen.Assessment.OpenAPI.ServiceImp.dll,Beisen.Configuration.dll
Beisen.Assessment.OpenAPI.ServiceImp.dll,Beisen.BeisenUser.ServiceImp.dll
Beisen.Assessment.OpenAPI.ServiceImp.dll,Beisen.BeisenUser.ServiceInterface.dll
Beisen.Assessment.OpenAPI.ServiceImp.XmlSerializers.dll,Beisen.Assessment.OpenAPI.ServiceImp.dll
Beisen.Assessment.Persistence.dll,Beisen.Assessment.Model.dll
Beisen.Assessment.Persistence.dll,Beisen.Data.dll
Beisen.Assessment.Persistence.dll,Beisen.Common.dll
Beisen.Assessment.Persistence.dll,Beisen.Logging.dll
Beisen.Assessment.Persistence.dll,Beisen.Entity.dll
Beisen.Assessment.Persistence.dll,Beisen.HtmlHelper.Extension2.dll
Beisen.Assessment.ServiceImp.dll,Skyever.dll
Beisen.Assessment.ServiceImp.dll,Beisen.Assessment.ServiceInterface.dll
Beisen.Assessment.ServiceImp.dll,Beisen.Assessment.Model.dll
Beisen.Assessment.ServiceImp.dll,Beisen.Logging.dll
Beisen.Assessment.ServiceImp.dll,Beisen.BeisenUser.ServiceInterface.dll
Beisen.Assessment.ServiceImp.dll,Beisen.Common.dll
Beisen.Assessment.ServiceImp.dll,Beisen.Queue.dll
Beisen.Assessment.ServiceImp.dll,Beisen.PlatformServices.ServiceInterface.dll
Beisen.Assessment.ServiceImp.dll,Beisen.ReportEngine.ServiceInterface.dll
Beisen.Assessment.ServiceImp.dll,Beisen.Assessment.Persistence.dll
Beisen.Assessment.ServiceImp.dll,Beisen.AssessmentFramework.IO.dll
Beisen.Assessment.ServiceImp.dll,Beisen.Assessment.Exceptions.dll
Beisen.Assessment.ServiceImp.dll,Beisen.BeisenUser.ServiceImp.dll
Beisen.Assessment.ServiceImp.dll,Beisen.ESB.ClientProxyFactory.dll
Beisen.Assessment.ServiceImp.dll,Beisen.AssessmentFramework.Engine.dll
Beisen.Assessment.ServiceImp.dll,Beisen.ReportEngine.BizVersion.dll
Beisen.Assessment.ServiceImp.dll,Beisen.HtmlHelper.Extension2.dll
Beisen.Assessment.ServiceImp.dll,Beisen.Configuration.dll
Beisen.Assessment.ServiceImp.dll,Beisen.Entity.dll
Beisen.Assessment.ServiceInterface.dll,Beisen.Assessment.Model.dll
Beisen.Assessment.ServiceInterface.dll,Beisen.BeisenUser.ServiceInterface.dll
Beisen.Assessment.ServiceInterface.dll,Beisen.ReportEngine.ServiceInterface.dll
Beisen.AssessmentFramework.Engine.dll,Beisen.Assessment.Model.dll
Beisen.AssessmentFramework.Engine.dll,Beisen.Logging.dll
Beisen.AssessmentFramework.Engine.dll,Beisen.AssessmentFramework.ServiceImp.dll
Beisen.AssessmentFramework.Engine.dll,Beisen.AssessmentFramework.ServiceInterface.dll
Beisen.AssessmentFramework.Engine.dll,Beisen.Common.dll
Beisen.AssessmentFramework.IO.dll,Beisen.Logging.dll
Beisen.AssessmentFramework.IO.dll,Beisen.Assessment.Model.dll
Beisen.AssessmentFramework.IO.dll,Beisen.AssessmentFramework.Engine.dll
Beisen.AssessmentFramework.IO.dll,Beisen.AssessmentFramework.ServiceImp.dll
Beisen.AssessmentFramework.IO.dll,Beisen.Common.dll
Beisen.AssessmentFramework.IO.dll,Beisen.Queue.dll
Beisen.AssessmentFramework.ServiceImp.dll,Beisen.AssessmentFramework.ServiceInterface.dll
Beisen.AssessmentFramework.ServiceImp.dll,Beisen.Assessment.Model.dll
Beisen.AssessmentFramework.ServiceImp.dll,Beisen.Queue.dll
Beisen.AssessmentFramework.ServiceImp.dll,Beisen.Common.dll
Beisen.AssessmentFramework.ServiceImp.dll,Beisen.Assessment.Persistence.dll
Beisen.AssessmentFramework.ServiceImp.dll,Beisen.Assessment.Exceptions.dll
Beisen.AssessmentFramework.ServiceInterface.dll,Beisen.Assessment.Model.dll
Beisen.AssessmentReport.Data.dll,DundasWinChart.dll
Beisen.AssessmentReport.Data.dll,Beisen.Logging.dll
Beisen.AssessmentReport.Data.dll,Beisen.Assessment.Model.dll
Beisen.AssessmentReport.Data.dll,Beisen.ReportEngine.ServiceInterface.dll
Beisen.AssessmentReport.Data.dll,Beisen.Configuration.dll
Beisen.AssessmentReport.Data.dll,Beisen.ReportEngine.Core.dll
Beisen.AssessmentReport.Data.dll,Beisen.ESB.ClientProxyFactory.dll
Beisen.AssessmentReport.Data.dll,Beisen.Assessment.ServiceInterface.dll
Beisen.AssessmentReport.Data.dll,DundasWinExtensions.dll
Beisen.AssessmentReport.Data.dll,Beisen.Data.dll
Beisen.AssessmentReport.Data.dll,Beisen.Common.dll
Beisen.AssessmentReport.Data.dll,Beisen.Definition.dll
Beisen.BeisenUser.ServiceImp.dll,Beisen.BeisenUser.ServiceInterface.dll
Beisen.BeisenUser.ServiceImp.dll,Beisen.Logging.dll
Beisen.BeisenUser.ServiceImp.dll,Beisen.Queue.dll
Beisen.BeisenUser.ServiceImp.dll,Microsoft.Crm.SdkTypeProxy.dll
Beisen.BeisenUser.ServiceImp.dll,Beisen.PlatformServices.ServiceInterface.dll
Beisen.BeisenUser.ServiceImp.dll,Beisen.Entity.dll
Beisen.BeisenUser.ServiceImp.dll,Beisen.Data.dll
Beisen.BeisenUser.ServiceImp.dll,Beisen.Configuration.dll
Beisen.BeisenUser.ServiceImp.dll,MySpace.DataRelay.Client.dll
Beisen.BeisenUser.ServiceImp.dll,Beisen.Common.dll
Beisen.BeisenUser.ServiceImp.dll,Beisen.Search.Provider.dll
Beisen.BeisenUser.ServiceImp.dll,MySpace.Shared.dll
Beisen.BeisenUser.ServiceImp.dll,Newtonsoft.Json.dll
Beisen.BeisenUser.ServiceImp.dll,Microsoft.Crm.Sdk.dll
Beisen.BeisenUser.ServiceImp.dll,Beisen.ESB.ClientProxyFactory.dll
Beisen.BeisenUser.ServiceImp.dll,Beisen.Provisioning.dll
Beisen.BeisenUser.ServiceInterface.dll,Beisen.Entity.dll
Beisen.BeisenUser.ServiceInterface.dll,MySpace.Shared.dll
Beisen.BeisenUser.ServiceInterface.dll,Beisen.Common.dll
Beisen.BeisenUser.ServiceInterface.dll,Beisen.Configuration.dll
Beisen.BeisenUser.ServiceInterface.dll,Newtonsoft.Json.dll
Beisen.BeisenUser.Test.dll,Microsoft.VisualStudio.QualityTools.UnitTestFramework.dll
Beisen.BeisenUser.Test.dll,Beisen.BeisenUser.ServiceInterface.dll
Beisen.BeisenUser.Test.dll,Beisen.BeisenUser.ServiceImp.dll
Beisen.BeisenUser.Test.dll,Beisen.Common2008.Test.dll
Beisen.BSP.Menbership.dll,Beisen.Entity.dll
Beisen.BSP.Menbership.dll,Enyim.Caching.dll
Beisen.BSP.Menbership.dll,MySpace.Shared.dll
Beisen.BSP.Menbership.dll,Beisen.Configuration.dll
Beisen.BSP.Menbership.dll,Beisen.Data.dll
Beisen.BSP.Menbership.dll,Beisen.Common.dll
Beisen.BSP.Menbership.dll,Newtonsoft.Json.dll
Beisen.BSP.MVCExtension.dll,Beisen.Logging.dll
Beisen.BSP.MVCExtension.dll,Beisen.Common.dll
Beisen.BSP.MVCExtension.dll,Beisen.BSP.Menbership.dll
Beisen.BSP.MVCExtension.dll,Beisen.Configuration.dll
Beisen.BSP.MVCExtension.dll,Newtonsoft.Json.dll
Beisen.CampusRecruitReport.Data.dll,Beisen.Logging.dll
Beisen.CampusRecruitReport.Data.dll,Beisen.CampusRecruitReport.Model.dll
Beisen.CampusRecruitReport.Data.dll,Beisen.Assessment.Model.dll
Beisen.CampusRecruitReport.Data.dll,Beisen.AssessmentReport.Data.dll
Beisen.CampusRecruitReport.Data.dll,Beisen.Configuration.dll
Beisen.CampusRecruitReport.Data.dll,Beisen.ReportEngine.Core.dll
Beisen.CampusRecruitReport.Data.dll,Beisen.ReportEngine.ServiceInterface.dll
Beisen.CampusRecruitReport.Data.dll,Beisen.Data.dll
Beisen.CampusRecruitReport.Model.dll,Beisen.ReportEngine.ServiceInterface.dll
Beisen.CampusRecruitReport.ServiceImp.dll,Beisen.ReportEngine.Core.dll
Beisen.CampusRecruitReport.ServiceImp.dll,Beisen.Logging.dll
Beisen.CampusRecruitReport.ServiceImp.dll,Beisen.ReportEngine.ServiceInterface.dll
Beisen.CampusRecruitReport.ServiceImp.dll,Beisen.CampusRecruitReport.Model.dll
Beisen.CampusRecruitReport.ServiceImp.dll,Beisen.Assessment.ServiceInterface.dll
Beisen.CampusRecruitReport.ServiceImp.dll,Beisen.Assessment.Model.dll
Beisen.CampusRecruitReport.ServiceImp.dll,Beisen.AssessmentReport.Model.dll
Beisen.CampusRecruitReport.ServiceImp.dll,Beisen.ESB.ClientProxyFactory.dll
Beisen.CampusRecruitReport.ServiceImp.dll,Beisen.Common.dll
Beisen.CampusRecruitReport.ServiceImp.dll,Beisen.CampusRecruitReport.Workflow.dll
Beisen.CampusRecruitReport.ServiceImp.dll,Beisen.ReportEngine.BizVersion.dll
Beisen.CampusRecruitReport.ServiceImp.dll,Beisen.AssessmentReport.Data.dll
Beisen.CampusRecruitReport.ServiceImp.dll,Beisen.CampusRecruitReport.Data.dll
Beisen.CampusRecruitReport.Workflow.dll,Beisen.ReportEngine.ServiceInterface.dll
Beisen.CampusRecruitReport.Workflow.dll,Beisen.CampusRecruitReport.Model.dll
Beisen.Cassandra.dll,FluentCassandra.dll
Beisen.Cassandra.dll,Beisen.Configuration.dll
Beisen.Cassandra.dll,Beisen.Logging.dll
Beisen.Cassandra.dll,Thrift.dll
Beisen.Cassandra.dll,Ccr.Core.dll
Beisen.Cassandra.dll,Beisen.Common.dll
Beisen.Cassandra.dll,Beisen.Data.dll
Beisen.CassandraV2.dll,Beisen.Configuration.dll
Beisen.CassandraV2.dll,Beisen.Logging.dll
Beisen.CassandraV2.dll,Ccr.Core.dll
Beisen.CassandraV2.dll,Beisen.Common.dll
Beisen.CassandraV2.dll,Beisen.Data.dll
Beisen.Common.dll,Beisen.Configuration.dll
Beisen.Common.dll,Ccr.Core.dll
Beisen.Common.dll,Beisen.Logging.dll
Beisen.Common.dll,Newtonsoft.Json.dll
Beisen.Configuration.dll,Wintellect.PowerThreading.dll
Beisen.Configuration.dll,log4net.dll
Beisen.Configuration.XmlSerializers.dll,Beisen.Configuration.dll
Beisen.Data.dll,Beisen.Logging.dll
Beisen.Data.dll,Beisen.Configuration.dll
Beisen.DataRelay.Contract.dll,MySpace.Shared.dll
Beisen.Definition.Client.dll,Beisen.Definition.dll
Beisen.Definition.dll,Beisen.Entity.dll
Beisen.Definition.dll,Beisen.Common.dll
Beisen.Definition.dll,MySpace.Shared.dll
Beisen.Definition.dll,Beisen.Data.dll
Beisen.DfsClient.dll,Beisen.Configuration.dll
Beisen.DfsClient.dll,Ccr.Core.dll
Beisen.DfsClient.dll,Beisen.Logging.dll
Beisen.DfsClient.dll,Newtonsoft.Json.dll
Beisen.DfsClient.dll,Beisen.CassandraV2.dll
Beisen.DfsClient.dll,Beisen.Common.dll
Beisen.ElasticSearch.dll,Beisen.Configuration.dll
Beisen.ElasticSearch.dll,Beisen.Logging.dll
Beisen.ElasticSearch.dll,Json.Net.3.5.dll
Beisen.Entity.dll,MySpace.Shared.dll
Beisen.Entity.dll,Beisen.Logging.dll
Beisen.Entity.dll,Beisen.Data.dll
Beisen.Entity.dll,MySpace.DataRelay.Common.dll
Beisen.Entity.dll,Beisen.Common.dll
Beisen.Entity.dll,Beisen.Configuration.dll
Beisen.Entity.dll,MySpace.DataRelay.Client.dll
Beisen.ErrorTracker.Application.dll,Beisen.Configuration.dll
Beisen.ErrorTracker.Application.dll,Ccr.Core.dll
Beisen.ErrorTracker.Application.dll,Beisen.Data.dll
Beisen.ErrorTracker.Client.dll,log4net.dll
Beisen.ErrorTracker.Client.dll,Beisen.ErrorTracker.Application.dll
Beisen.ErrorTracker.Client.dll,Beisen.Data.dll
Beisen.ErrorTracker.Client.dll,Beisen.Configuration.dll
Beisen.ESB.ClientProxyFactory.dll,Beisen.Configuration.dll
Beisen.ESB.ClientProxyFactory.dll,Beisen.Logging.dll
Beisen.ESB.OpenApiAuth.dll,Beisen.Entity.dll
Beisen.ESB.OpenApiAuth.dll,MySpace.Shared.dll
Beisen.ESB.OpenApiAuth.dll,Beisen.Logging.dll
Beisen.ESB.OpenApiAuth.dll,Beisen.Data.dll
Beisen.ESB.OpenApiAuth.dll,Beisen.Common.dll
Beisen.ExtractionEngine.Model.dll,Beisen.Logging.dll
Beisen.ExtractionEngine.Model.dll,Beisen.Common.dll
Beisen.Feed.dll,Beisen.Configuration.dll
Beisen.Feed.dll,MySpace.DataRelay.Common.dll
Beisen.Feed.dll,MySpace.Shared.dll
Beisen.Feed.dll,Beisen.Entity.dll
Beisen.Feed.dll,Beisen.ActivityEngine.ServiceInterface.dll
Beisen.Feed.dll,Beisen.Common.dll
Beisen.Feed.dll,MySpace.DataRelay.Client.dll
Beisen.Feed.dll,Beisen.Data.dll
Beisen.Footprint.dll,Beisen.DataRelay.Contract.dll
Beisen.Footprint.dll,Beisen.Common.dll
Beisen.Footprint.dll,MySpace.DataRelay.Client.dll
Beisen.HtmlHelper.Extension.dll,MySpace.Shared.dll
Beisen.HtmlHelper.Extension.dll,Beisen.EntityFramework.Extensions.dll
Beisen.HtmlHelper.Extension.dll,Newtonsoft.Json.dll
Beisen.HtmlHelper.Extension.dll,Beisen.Configuration.dll
Beisen.HtmlHelper.Extension.dll,Beisen.Entity.dll
Beisen.HtmlHelper.Extension2.dll,Beisen.Definition.dll
Beisen.HtmlHelper.Extension2.dll,Beisen.EntityFramework.Extensions.dll
Beisen.HtmlHelper.Extension2.dll,Newtonsoft.Json.dll
Beisen.HtmlHelper.Extension2.dll,Beisen.Definition.Client.dll
Beisen.HtmlHelper.Extension2.dll,Beisen.Configuration.dll
Beisen.I360Report.Data.dll,DundasWinChart.dll
Beisen.I360Report.Data.dll,Beisen.I360Report.Model.dll
Beisen.I360Report.Data.dll,Beisen.Data.dll
Beisen.I360Report.ServiceImp.dll,Beisen.ReportEngine.Core.dll
Beisen.I360Report.ServiceImp.dll,Beisen.Logging.dll
Beisen.I360Report.ServiceImp.dll,Beisen.ReportEngine.ServiceInterface.dll
Beisen.I360Report.ServiceImp.dll,Beisen.I360Report.Model.dll
Beisen.I360Report.ServiceImp.dll,Beisen.Common.dll
Beisen.I360Report.ServiceImp.dll,Beisen.I360Report.Workflow.dll
Beisen.I360Report.Workflow.dll,Beisen.ReportEngine.ServiceInterface.dll
Beisen.I360Report.Workflow.dll,Beisen.I360Report.Model.dll
Beisen.I360Report.Workflow.dll,Beisen.I360Report.Data.dll
Beisen.Indicator.dll,Beisen.DataRelay.Contract.dll
Beisen.Indicator.dll,MySpace.Shared.dll
Beisen.Indicator.dll,MySpace.DataRelay.Client.dll
Beisen.Indicator.dll,MySpace.DataRelay.Common.dll
Beisen.Indicator.dll,Beisen.Common.dll
Beisen.InterestReport.Model.dll,Beisen.ReportEngine.CommonModel.dll
Beisen.Kci.Controller.dll,Beisen.Kci.ServiceInterface.dll
Beisen.Kci.Controller.dll,Beisen.MVCExtension2.dll
Beisen.Kci.Controller.dll,Beisen.Configuration.dll
Beisen.Kci.Controller.dll,Beisen.WebExtension.dll
Beisen.Kci.Controller.dll,Beisen.Web.MvcControl2.dll
Beisen.Kci.Controller.dll,Beisen.Membership2.dll
Beisen.Kci.Controller.dll,Beisen.BeisenUser.ServiceInterface.dll
Beisen.Kci.Controller.dll,Beisen.Kci.ServiceImp.dll
Beisen.Kci.ServiceImp.dll,Beisen.Kci.ServiceInterface.dll
Beisen.Kci.ServiceImp.dll,Beisen.Data.dll
Beisen.Kci.ServiceImp.dll,Beisen.Common.dll
Beisen.Logging.dll,log4net.dll
Beisen.Logging.dll,Beisen.Configuration.dll
Beisen.Logging.XmlSerializers.dll,Beisen.Logging.dll
Beisen.Lucandra.dll,Beisen.Lucene.dll
Beisen.Lucandra.dll,Beisen.Logging.dll
Beisen.Lucandra.dll,FluentCassandra.dll
Beisen.Lucandra.dll,Beisen.Cassandra.dll
Beisen.MailService.PerformanceCounter.dll,Beisen.PerformanceCounter.dll
Beisen.MailService.Sender.dll,Beisen.MailService.ServiceInterface.dll
Beisen.MailService.Sender.dll,Beisen.Logging.dll
Beisen.MailService.Sender.dll,Beisen.Common.dll
Beisen.MailService.Sender.dll,Interop.CDO.dll
Beisen.MailService.Sender.dll,Interop.ADODB.dll
Beisen.MailService.Sender.dll,Beisen.Configuration.dll
Beisen.MailService.ServiceImp.dll,Beisen.MailService.ServiceInterface.dll
Beisen.MailService.ServiceImp.dll,Beisen.Logging.dll
Beisen.MailService.ServiceImp.dll,Beisen.Queue.dll
Beisen.MailService.ServiceImp.dll,Beisen.TemplateService.ServiceImp.dll
Beisen.MailService.ServiceImp.dll,Beisen.TemplateService.ServiceInterface.dll
Beisen.MailService.ServiceImp.dll,Beisen.MailService.Sender.dll
Beisen.MailService.ServiceImp.dll,Beisen.Common.dll
Beisen.MailService.ServiceImp.dll,Beisen.Data.dll
Beisen.MediumSmallEnterpriseReport.Data.dll,Beisen.MediumSmallEnterpriseReport.Model.dll
Beisen.MediumSmallEnterpriseReport.Data.dll,DundasWinChart.dll
Beisen.MediumSmallEnterpriseReport.Data.dll,Beisen.Logging.dll
Beisen.MediumSmallEnterpriseReport.Data.dll,Beisen.Configuration.dll
Beisen.MediumSmallEnterpriseReport.Data.dll,Beisen.ReportEngine.Core.dll
Beisen.MediumSmallEnterpriseReport.Data.dll,Beisen.Data.dll
Beisen.MediumSmallEnterpriseReport.Model.dll,Beisen.ReportEngine.ServiceInterface.dll
Beisen.MediumSmallEnterpriseReport.Model.dll,Beisen.Logging.dll
Beisen.MediumSmallEnterpriseReport.ServiceImp.dll,Beisen.ReportEngine.Core.dll
Beisen.MediumSmallEnterpriseReport.ServiceImp.dll,Beisen.Logging.dll
Beisen.MediumSmallEnterpriseReport.ServiceImp.dll,Beisen.ReportEngine.ServiceInterface.dll
Beisen.MediumSmallEnterpriseReport.ServiceImp.dll,Beisen.MediumSmallEnterpriseReport.Model.dll
Beisen.MediumSmallEnterpriseReport.ServiceImp.dll,Beisen.ESB.ClientProxyFactory.dll
Beisen.MediumSmallEnterpriseReport.ServiceImp.dll,Beisen.Assessment.ServiceInterface.dll
Beisen.MediumSmallEnterpriseReport.ServiceImp.dll,Beisen.AssessmentReport.Model.dll
Beisen.MediumSmallEnterpriseReport.ServiceImp.dll,Beisen.Common.dll
Beisen.MediumSmallEnterpriseReport.ServiceImp.dll,Beisen.ReportEngine.BizVersion.dll
Beisen.MediumSmallEnterpriseReport.ServiceImp.dll,Beisen.MediumSmallEnterpriseReport.Data.dll
Beisen.MediumSmallEnterpriseReport.ServiceImp.dll,Beisen.MediumSmallEnterpriseReport.Workflow.dll
Beisen.MediumSmallEnterpriseReport.Workflow.dll,Beisen.ReportEngine.ServiceInterface.dll
Beisen.MediumSmallEnterpriseReport.Workflow.dll,Beisen.MediumSmallEnterpriseReport.Model.dll
Beisen.Membership2.dll,Beisen.BeisenUser.ServiceInterface.dll
Beisen.Membership2.dll,Beisen.Logging.dll
Beisen.Membership2.dll,Beisen.Common.dll
Beisen.Membership2.dll,Beisen.BeisenUser.ServiceImp.dll
Beisen.Membership2.dll,Beisen.Configuration.dll
Beisen.Membership2.dll,Beisen.Entity.dll
Beisen.Membership2.dll,MySpace.Shared.dll
Beisen.MessageCenter.ServiceImp.dll,Beisen.MessageCenter.ServiceInterface.dll
Beisen.MessageCenter.ServiceImp.dll,Beisen.Data.dll
Beisen.MessageCenter.ServiceImp.dll,Beisen.Indicator.dll
Beisen.MessageCenter.ServiceImp.dll,Beisen.DataRelay.Contract.dll
Beisen.MessageCenter.ServiceImp.dll,Beisen.Common.dll
Beisen.MultiTenant.Core.dll,Beisen.Entity.dll
Beisen.MultiTenant.Core.dll,FluentCassandra.dll
Beisen.MultiTenant.Core.dll,MySpace.Shared.dll
Beisen.MultiTenant.Core.dll,Beisen.Common.dll
Beisen.MultiTenant.Data.dll,Beisen.MultiTenant.Core.dll
Beisen.MultiTenant.Data.dll,Beisen.Cassandra.dll
Beisen.MultiTenant.Data.dll,FluentCassandra.dll
Beisen.MultiTenant.Data.dll,Beisen.Common.dll
Beisen.MultiTenant.Data.dll,Beisen.MultiTenant.MetaData.ServiceImp.dll
Beisen.MultiTenant.DataAccess.dll,Beisen.MultiTenant.Data.dll
Beisen.MultiTenant.DataAccess.dll,Beisen.Search.Core.dll
Beisen.MultiTenant.DataAccess.dll,Beisen.Logging.dll
Beisen.MultiTenant.DataAccess.dll,Beisen.MultiTenant.Core.dll
Beisen.MultiTenant.DataAccess.dll,Beisen.Cassandra.dll
Beisen.MultiTenant.DataAccess.dll,FluentCassandra.dll
Beisen.MultiTenant.DataAccess.dll,Beisen.Common.dll
Beisen.MultiTenant.DataAccess.dll,Beisen.MultiTenant.DataMapper.dll
Beisen.MultiTenant.DataAccess.dll,Beisen.MultiTenant.MetaData.ServiceImp.dll
Beisen.MultiTenant.DataAccess.dll,Beisen.ElasticSearch.dll
Beisen.MultiTenant.DataAccess.dll,Beisen.Configuration.dll
Beisen.MultiTenant.DataAccess.dll,Beisen.Search.Client.dll
Beisen.MultiTenant.DataMapper.dll,Beisen.MultiTenant.Core.dll
Beisen.MultiTenant.DataMapper.dll,Beisen.MultiTenant.Data.dll
Beisen.MultiTenant.DataMapper.dll,Beisen.Cassandra.dll
Beisen.MultiTenant.DataMapper.dll,FluentCassandra.dll
Beisen.MultiTenant.DataMapper.dll,Beisen.Common.dll
Beisen.MultiTenant.DataMapper.dll,Beisen.MultiTenant.MetaData.ServiceImp.dll
Beisen.MultiTenant.MetaData.ServiceImp.dll,Beisen.MultiTenant.MetaData.ServiceInterface.dll
Beisen.MultiTenant.MetaData.ServiceImp.dll,Beisen.Data.dll
Beisen.MultiTenant.MetaData.ServiceImp.dll,Beisen.MultiTenant.Core.dll
Beisen.MultiTenant.MetaData.ServiceImp.dll,Beisen.Entity.dll
Beisen.MultiTenant.MetaData.ServiceImp.dll,MySpace.Shared.dll
Beisen.MultiTenant.MetaData.ServiceImp.dll,Beisen.Common.dll
Beisen.MultiTenant.MetaData.ServiceInterface.dll,Beisen.MultiTenant.Core.dll
Beisen.MultiTenant.UI.dll,Beisen.Entity.dll
Beisen.MultiTenant.UI.dll,MySpace.Shared.dll
Beisen.MultiTenant.UI.dll,Beisen.MultiTenant.Core.dll
Beisen.MultiTenant.UI.dll,Beisen.Data.dll
Beisen.MultiTenant.UI.dll,Beisen.MultiTenant.Data.dll
Beisen.MultiTenant.UI.dll,Beisen.Common.dll
Beisen.MultiTenant.UI.dll,Newtonsoft.Json.dll
Beisen.MultiTenant.UI.dll,Beisen.Definition.dll
Beisen.MultiTenant.UI.dll,Beisen.NVelocity.dll
Beisen.MultiTenant.UI.dll,Beisen.MultiTenant.MetaData.ServiceImp.dll
Beisen.MultiTenant.UI.dll,Beisen.Membership2.dll
Beisen.MultiTenant.UI.dll,Beisen.BeisenUser.ServiceInterface.dll
Beisen.MultiTenant.UI.dll,Beisen.MultiTenant.DataAccess.dll
Beisen.MultiTenant.UI.dll,FluentCassandra.dll
Beisen.MultiTenant.UI.dll,Beisen.BeisenUser.ServiceImp.dll
Beisen.MultiTenant.UI.dll,nunit.framework.dll
Beisen.MVCExtension2.dll,Beisen.BeisenUser.ServiceInterface.dll
Beisen.MVCExtension2.dll,Beisen.Logging.dll
Beisen.MVCExtension2.dll,Beisen.Membership2.dll
Beisen.MVCExtension2.dll,Beisen.BeisenUser.ServiceImp.dll
Beisen.MVCExtension2.dll,Newtonsoft.Json.dll
Beisen.MVCExtension2.dll,Beisen.Common.dll
Beisen.NVelocity.dll,Beisen.Configuration.dll
Beisen.NVelocity.dll,Beisen.Logging.dll
Beisen.NVelocity.XmlSerializers.dll,Beisen.NVelocity.dll
Beisen.NVelocity.XmlSerializers.dll,Beisen.Configuration.dll
Beisen.Package.ServiceInterface.dll,Beisen.Configuration.dll
Beisen.PassportService.ServiceImp.dll,Beisen.PassportService.ServiceInterface.dll
Beisen.PassportService.ServiceImp.dll,Beisen.Configuration.dll
Beisen.PassportService.ServiceImp.dll,Beisen.Data.dll
Beisen.PlatformServices.ServiceImp.dll,Beisen.Configuration.dll
Beisen.PlatformServices.ServiceImp.dll,Beisen.PlatformServices.ServiceInterface.dll
Beisen.PlatformServices.ServiceImp.dll,Beisen.DataRelay.Contract.dll
Beisen.PlatformServices.ServiceImp.dll,MySpace.Shared.dll
Beisen.PlatformServices.ServiceImp.dll,Beisen.Logging.dll
Beisen.PlatformServices.ServiceImp.dll,Beisen.Queue.dll
Beisen.PlatformServices.ServiceImp.dll,Beisen.Data.dll
Beisen.PlatformServices.ServiceImp.dll,Beisen.Common.dll
Beisen.PlatformServices.ServiceImp.dll,LumiSoft.Net.dll
Beisen.PlatformServices.ServiceImp.dll,MySpace.DataRelay.Client.dll
Beisen.PlatformServices.ServiceImp.dll,MySpace.DataRelay.Common.dll
Beisen.PlatformServices.ServiceImp.dll,Beisen.BeisenUser.ServiceInterface.dll
Beisen.PlatformServices.ServiceImp.dll,Beisen.BeisenUser.ServiceImp.dll
Beisen.PlatformServices.ServiceImp.dll,Interop.HBSMSATLLib.dll
Beisen.PlatformServices.ServiceImp.dll,Beisen.Entity.dll
Beisen.PlatformServices.ServiceImp.dll,Beisen.CassandraV2.dll
Beisen.PlatformServices.ServiceImp.dll,Beisen.Cassandra.dll
Beisen.PlatformServices.ServiceImp.dll,FluentCassandra.dll
Beisen.PlatformServices.ServiceImp.dll,Microsoft.CSharp.dll
Beisen.PlatformServices.ServiceInterface.dll,Beisen.Entity.dll
Beisen.PlatformServices.ServiceInterface.dll,MySpace.Shared.dll
Beisen.PlatformServices.ServiceInterface.dll,Beisen.Common.dll
Beisen.Provisioning.dll,Beisen.Data.dll
Beisen.Provisioning.dll,Beisen.Configuration.dll
Beisen.QuestionService.ServiceImp.dll,Beisen.QuestionService.ServiceInterface.dll
Beisen.QuestionService.ServiceImp.dll,Beisen.Assessment.Model.dll
Beisen.QuestionService.ServiceImp.dll,Beisen.Logging.dll
Beisen.QuestionService.ServiceImp.dll,Beisen.BeisenUser.ServiceInterface.dll
Beisen.QuestionService.ServiceImp.dll,Microsoft.Office.Interop.Word.dll
Beisen.QuestionService.ServiceImp.dll,Beisen.Configuration.dll
Beisen.QuestionService.ServiceImp.dll,Beisen.Common.dll
Beisen.QuestionService.ServiceImp.dll,Beisen.Data.dll
Beisen.QuestionService.ServiceImp.dll,Beisen.BeisenUser.ServiceImp.dll
Beisen.QuestionService.ServiceImp.dll,Ionic.Zip.dll
Beisen.QuestionService.ServiceImp.dll,MySpace.DataRelay.Common.dll
Beisen.QuestionService.ServiceImp.dll,MySpace.DataRelay.Client.dll
Beisen.QuestionService.ServiceImp.dll,MySpace.Shared.dll
Beisen.QuestionService.ServiceImp.dll,fleXdoc.Api.dll
Beisen.Queue.dll,Ccr.Core.dll
Beisen.Queue.dll,Newtonsoft.Json.dll
Beisen.Queue.dll,Beisen.Logging.dll
Beisen.Queue.dll,Beisen.Configuration.dll
Beisen.Queue.dll,Beisen.Common.dll
Beisen.Queue.dll,EffiProz.dll
Beisen.Recruit.DiffIntoDB.dll,Beisen.Recruit.ResumeAnalyzes.dll
Beisen.Recruit.ResumeAnalyze.Extender.dll,Beisen.Recruit.ResumeAnalyzes.dll
Beisen.Recruit.ResumeAnalyzes.dll,Microsoft.ApplicationBlocks.Data.dll
Beisen.Recruiting.IndexSearch.ServiceImp.dll,Beisen.Recruiting.IndexSearch.ServiceInterface.dll
Beisen.Recruiting.IndexSearch.ServiceImp.dll,Beisen.Recruiting.Online.Model.dll
Beisen.Recruiting.IndexSearch.ServiceImp.dll,Beisen.Logging.dll
Beisen.Recruiting.IndexSearch.ServiceImp.dll,Beisen.Recruiting.Online.ServiceImp.dll
Beisen.Recruiting.IndexSearch.ServiceImp.dll,Lucene.Net.dll
Beisen.Recruiting.IndexSearch.ServiceImp.dll,Beisen.Recruiting.Online.Common.dll
Beisen.Recruiting.IndexSearch.ServiceImp.dll,Beisen.Recruiting.Online.ServiceInterface.dll
Beisen.Recruiting.IndexSearch.ServiceImp.dll,Beisen.Configuration.dll
Beisen.Recruiting.IndexSearch.ServiceInterface.dll,Beisen.Recruiting.Online.Model.dll
Beisen.Recruiting.Online.Common.dll,Beisen.Logging.dll
Beisen.Recruiting.Online.Common.dll,Beisen.Recruit.ResumeAnalyzes.dll
Beisen.Recruiting.Online.Common.dll,Beisen.PlatformServices.ServiceInterface.dll
Beisen.Recruiting.Online.Common.dll,Beisen.BeisenUser.ServiceInterface.dll
Beisen.Recruiting.Online.Common.dll,Beisen.Common.dll
Beisen.Recruiting.Online.Common.dll,Beisen.Configuration.dll
Beisen.Recruiting.Online.Common.dll,Beisen.Recruit.ResumeAnalyze.Extender.dll
Beisen.Recruiting.Online.Common.dll,Beisen.ESB.ClientProxyFactory.dll
Beisen.Recruiting.Online.Common.dll,Beisen.Recruiting.Online.Model.dll
Beisen.Recruiting.Online.Common.dll,Interop.CDO.dll
Beisen.Recruiting.Online.Common.dll,Interop.ADODB.dll
Beisen.Recruiting.Online.dll,Beisen.Recruiting.Online.ServiceInterface.dll
Beisen.Recruiting.Online.dll,Beisen.Recruiting.Online.Model.dll
Beisen.Recruiting.Online.dll,Beisen.PlatformServices.ServiceInterface.dll
Beisen.Recruiting.Online.dll,Beisen.TemplateService.ServiceInterface.dll
Beisen.Recruiting.Online.dll,Beisen.BeisenUser.ServiceInterface.dll
Beisen.Recruiting.Online.dll,Beisen.Definition.dll
Beisen.Recruiting.Online.dll,NPOI.HSSF.dll
Beisen.Recruiting.Online.dll,Beisen.Assessment.OpenAPI.ServiceInterface.dll
Beisen.Recruiting.Online.dll,Beisen.ESB.ClientProxyFactory.dll
Beisen.Recruiting.Online.dll,Beisen.Web.MvcControl2.dll
Beisen.Recruiting.Online.dll,Beisen.MVCExtension2.dll
Beisen.Recruiting.Online.dll,Beisen.HtmlHelper.Extension2.dll
Beisen.Recruiting.Online.dll,Beisen.Common.dll
Beisen.Recruiting.Online.dll,Beisen.Recruiting.Online.Common.dll
Beisen.Recruiting.Online.dll,Beisen.BeisenUser.ServiceImp.dll
Beisen.Recruiting.Online.dll,Beisen.Configuration.dll
Beisen.Recruiting.Online.dll,Beisen.Membership2.dll
Beisen.Recruiting.Online.dll,NPOI.dll
Beisen.Recruiting.Online.dll,NPOI.HPSF.dll
Beisen.Recruiting.Online.Model.dll,Beisen.Entity.dll
Beisen.Recruiting.Online.Model.dll,Beisen.Search.Core.dll
Beisen.Recruiting.Online.Model.dll,MySpace.Shared.dll
Beisen.Recruiting.Online.ServiceImp.dll,Beisen.Recruiting.Online.Model.dll
Beisen.Recruiting.Online.ServiceImp.dll,Lucene.Net.dll
Beisen.Recruiting.Online.ServiceImp.dll,Beisen.Configuration.dll
Beisen.Recruiting.Online.ServiceImp.dll,Beisen.Recruiting.Online.ServiceInterface.dll
Beisen.Recruiting.Online.ServiceImp.dll,Beisen.Recruit.ResumeAnalyzes.dll
Beisen.Recruiting.Online.ServiceImp.dll,Beisen.Logging.dll
Beisen.Recruiting.Online.ServiceImp.dll,Beisen.Recruiting.Online.Common.dll
Beisen.Recruiting.Online.ServiceImp.dll,Beisen.Data.dll
Beisen.Recruiting.Online.ServiceImp.dll,Beisen.Assessment.OpenAPI.ServiceInterface.dll
Beisen.Recruiting.Online.ServiceImp.dll,Beisen.TemplateService.ServiceInterface.dll
Beisen.Recruiting.Online.ServiceImp.dll,Beisen.Definition.dll
Beisen.Recruiting.Online.ServiceImp.dll,Beisen.Package.ServiceInterface.dll
Beisen.Recruiting.Online.ServiceImp.dll,Beisen.Search.Core.dll
Beisen.Recruiting.Online.ServiceImp.dll,Beisen.ESB.ClientProxyFactory.dll
Beisen.Recruiting.Online.ServiceImp.dll,Beisen.Recruiting.IndexSearch.ServiceInterface.dll
Beisen.Recruiting.Online.ServiceImp.dll,Beisen.Entity.dll
Beisen.Recruiting.Online.ServiceImp.dll,MySpace.Shared.dll
Beisen.Recruiting.Online.ServiceImp.dll,Beisen.HtmlHelper.Extension2.dll
Beisen.Recruiting.Online.ServiceImp.dll,Beisen.Common.dll
Beisen.Recruiting.Online.ServiceImp.dll,Beisen.Search.Client.dll
Beisen.Recruiting.Online.ServiceInterface.dll,Beisen.Recruiting.Online.Model.dll
Beisen.Recruiting.Online.ServiceInterface.dll,Beisen.Assessment.OpenAPI.ServiceInterface.dll
Beisen.Recruiting.Online.ServiceInterface.dll,Beisen.Definition.dll
Beisen.Recruiting.PageStaticize.ServiceImp.dll,Beisen.Recruiting.PageStaticize.ServiceInterface.dll
Beisen.Recruiting.PageStaticize.ServiceImp.dll,Beisen.Recruiting.Online.ServiceImp.dll
Beisen.Recruiting.PageStaticize.ServiceImp.dll,Beisen.Recruiting.Online.ServiceInterface.dll
Beisen.ReportEngine.BizVersion.dll,Beisen.Entity.dll
Beisen.ReportEngine.BizVersion.dll,MySpace.Shared.dll
Beisen.ReportEngine.BizVersion.dll,Beisen.Data.dll
Beisen.ReportEngine.Core.dll,Beisen.Configuration.dll
Beisen.ReportEngine.Core.dll,Beisen.ReportEngine.ServiceInterface.dll
Beisen.ReportEngine.Core.dll,Beisen.Logging.dll
Beisen.ReportEngine.Core.dll,Beisen.Queue.dll
Beisen.ReportEngine.Core.dll,Beisen.Common.dll
Beisen.ReportEngine.Core.dll,fleXdoc.Api.dll
Beisen.ReportEngine.Core.dll,Beisen.ReportEngine.BizVersion.dll
Beisen.ReportEngine.Core.dll,MySpace.DataRelay.Common.dll
Beisen.ReportEngine.Core.dll,MySpace.DataRelay.Client.dll
Beisen.ReportEngine.Core.dll,MySpace.Shared.dll
Beisen.ReportEngine.Core.dll,Ionic.Zip.dll
Beisen.ReportEngine.Core.dll,Beisen.PlatformServices.ServiceInterface.dll
Beisen.ReportEngine.Core.dll,Beisen.PlatformServices.ServiceImp.dll
Beisen.ReportEngine.Core.dll,Beisen.Data.dll
Beisen.ReportEngine.ServiceImp.dll,Beisen.ReportEngine.ServiceInterface.dll
Beisen.ReportEngine.ServiceImp.dll,Beisen.Logging.dll
Beisen.ReportEngine.ServiceImp.dll,Beisen.Queue.dll
Beisen.ReportEngine.ServiceImp.dll,Beisen.ReportEngine.Core.dll
Beisen.ReportEngine.ServiceImp.dll,Beisen.Common.dll
Beisen.ReportEngine.ServiceImp.dll,Beisen.Configuration.dll
Beisen.RESTful.dll,Beisen.Configuration.dll
Beisen.RESTful.dll,log4net.dll
Beisen.RESTful.dll,Beisen.Logging.dll
Beisen.Search.ActivityDispatcher.dll,Beisen.ActivityEngine.ServiceImp.dll
Beisen.Search.ActivityDispatcher.dll,Beisen.Queue.dll
Beisen.Search.ActivityDispatcher.dll,Beisen.ActivityEngine.ServiceInterface.dll
Beisen.Search.ActivityDispatcher.dll,Beisen.Search.Core.dll
Beisen.Search.ActivityDispatcher.dll,Beisen.Logging.dll
Beisen.Search.ActivityDispatcher.dll,Newtonsoft.Json.dll
Beisen.Search.ActivityDispatcher.dll,Beisen.Common.dll
Beisen.Search.ActivityDispatcher.dll,Beisen.Search.Client.dll
Beisen.Search.ActivityDispatcher.dll,Beisen.Search.Model.dll
Beisen.Search.ActivityDispatcher.dll,Beisen.Configuration.dll
Beisen.Search.Client.dll,Beisen.Search.Core.dll
Beisen.Search.Client.dll,Beisen.Search.ServiceInterface.dll
Beisen.Search.Client.dll,Beisen.Logging.dll
Beisen.Search.Client.dll,Beisen.Queue.dll
Beisen.Search.Client.dll,Json.Net.3.5.dll
Beisen.Search.Client.dll,Beisen.Common.dll
Beisen.Search.Client.dll,Beisen.Configuration.dll
Beisen.Search.Client.dll,Beisen.ESB.ClientProxyFactory.dll
Beisen.Search.Client.dll,Beisen.Search.ServiceImp.dll
Beisen.Search.Core.dll,Beisen.Lucene.dll
Beisen.Search.Core.dll,Beisen.Common.dll
Beisen.Search.Model.dll,Beisen.Search.Core.dll
Beisen.Search.Model.dll,Beisen.Common.dll
Beisen.Search.Provider.dll,Beisen.Search.Core.dll
Beisen.Search.Provider.dll,Beisen.Search.Client.dll
Beisen.Search.Provider.dll,Beisen.Search.Model.dll
Beisen.Search.Provider.dll,Beisen.Logging.dll
Beisen.Search.Provider.dll,Newtonsoft.Json.dll
Beisen.Search.Provider.dll,Beisen.Common.dll
Beisen.Search.Provider.dll,Beisen.ActivityEngine.ServiceInterface.dll
Beisen.Search.Provider.dll,Beisen.ESB.ClientProxyFactory.dll
Beisen.Search.Provider.dll,Beisen.Configuration.dll
Beisen.Search.Schema.dll,Beisen.Configuration.dll
Beisen.Search.Schema.dll,Beisen.ElasticSearch.dll
Beisen.Search.Schema.dll,Beisen.Logging.dll
Beisen.Search.Schema.dll,Beisen.Common.dll
Beisen.Search.ServiceImp.dll,Beisen.Search.ServiceInterface.dll
Beisen.Search.ServiceImp.dll,Beisen.Logging.dll
Beisen.Search.ServiceImp.dll,Beisen.Search.Core.dll
Beisen.Search.ServiceImp.dll,Beisen.ElasticSearch.dll
Beisen.Search.ServiceImp.dll,Beisen.Common.dll
Beisen.Search.ServiceInterface.dll,Beisen.Search.Core.dll
Beisen.SearchActivityService.ServiceImp.dll,Beisen.SearchActivityService.ServiceInterface.dll
Beisen.SearchActivityService.ServiceImp.dll,Beisen.Logging.dll
Beisen.SearchActivityService.ServiceImp.dll,Beisen.ActivityEngine.ServiceInterface.dll
Beisen.SearchActivityService.ServiceImp.dll,Beisen.Search.Core.dll
Beisen.SearchActivityService.ServiceImp.dll,Newtonsoft.Json.dll
Beisen.SearchActivityService.ServiceImp.dll,Beisen.Common.dll
Beisen.SearchActivityService.ServiceImp.dll,Beisen.Search.Client.dll
Beisen.SearchActivityService.ServiceImp.dll,Beisen.Search.Model.dll
Beisen.SearchActivityService.ServiceInterface.dll,Beisen.ActivityEngine.ServiceInterface.dll
Beisen.SMS.ServiceImp.dll,Beisen.SMS.ServiceInterface.dll
Beisen.SMS.ServiceImp.dll,Beisen.SMS.Model.dll
Beisen.SMS.ServiceImp.dll,Beisen.SMS.Core.dll
Beisen.SMS.ServiceImp.dll,Beisen.SMS.Common.dll
Beisen.SMS.ServiceInterface.dll,Beisen.SMS.Model.dll
Beisen.SMSService.Helper.dll,Beisen.SMSService.ServiceInterface.dll
Beisen.SMSService.Helper.dll,Beisen.Configuration.dll
Beisen.SMSService.Helper.dll,Newtonsoft.Json.dll
Beisen.SocialRecruitReport.Data.dll,Beisen.Logging.dll
Beisen.SocialRecruitReport.Data.dll,Beisen.SocialRecruitReport.Model.dll
Beisen.SocialRecruitReport.Data.dll,Beisen.Assessment.Model.dll
Beisen.SocialRecruitReport.Data.dll,Beisen.AssessmentReport.Data.dll
Beisen.SocialRecruitReport.Data.dll,Beisen.Data.dll
Beisen.SocialRecruitReport.Model.dll,Beisen.ReportEngine.ServiceInterface.dll
Beisen.SocialRecruitReport.Model.dll,Beisen.Assessment.Model.dll
Beisen.SocialRecruitReport.ServiceImp.dll,Beisen.ReportEngine.Core.dll
Beisen.SocialRecruitReport.ServiceImp.dll,Beisen.Logging.dll
Beisen.SocialRecruitReport.ServiceImp.dll,Beisen.Assessment.ServiceInterface.dll
Beisen.SocialRecruitReport.ServiceImp.dll,Beisen.ReportEngine.ServiceInterface.dll
Beisen.SocialRecruitReport.ServiceImp.dll,Beisen.AssessmentReport.Model.dll
Beisen.SocialRecruitReport.ServiceImp.dll,Beisen.SocialRecruitReport.Model.dll
Beisen.SocialRecruitReport.ServiceImp.dll,Beisen.Assessment.Model.dll
Beisen.SocialRecruitReport.ServiceImp.dll,Beisen.Common.dll
Beisen.SocialRecruitReport.ServiceImp.dll,Beisen.AssessmentReport.Data.dll
Beisen.SocialRecruitReport.ServiceImp.dll,Beisen.ReportEngine.BizVersion.dll
Beisen.SocialRecruitReport.ServiceImp.dll,Beisen.SocialRecruitReport.Workflow.dll
Beisen.SocialRecruitReport.ServiceImp.dll,Beisen.SocialRecruitReport.Data.dll
Beisen.SocialRecruitReport.ServiceImp.dll,Beisen.ESB.ClientProxyFactory.dll
Beisen.SocialRecruitReport.Workflow.dll,Beisen.SocialRecruitReport.Model.dll
Beisen.SocialRecruitReport.Workflow.dll,Beisen.ReportEngine.ServiceInterface.dll
Beisen.SocialRecruitReport.Workflow.dll,Beisen.Assessment.Model.dll
Beisen.SocialRecruitReport.Workflow.dll,Beisen.AssessmentReport.Data.dll
Beisen.SocialRecruitReport.Workflow.dll,Beisen.ESB.ClientProxyFactory.dll
Beisen.SocialRecruitReport.Workflow.dll,Beisen.Assessment.ServiceInterface.dll
Beisen.SocialRecruitReport.Workflow.dll,Beisen.Common.dll
Beisen.Succession.ServiceImp.dll,Beisen.Succession.ServiceInterface.dll
Beisen.Succession.ServiceImp.dll,Beisen.PlatformServices.ServiceInterface.dll
Beisen.Succession.ServiceImp.dll,Beisen.Definition.dll
Beisen.Succession.ServiceImp.dll,Beisen.BeisenUser.ServiceInterface.dll
Beisen.Succession.ServiceImp.dll,Beisen.Kci.ServiceInterface.dll
Beisen.Succession.ServiceImp.dll,Beisen.Data.dll
Beisen.Succession.ServiceImp.dll,Beisen.Configuration.dll
Beisen.Succession.ServiceImp.dll,Beisen.ESB.ClientProxyFactory.dll
Beisen.Succession.ServiceImp.dll,Beisen.BeisenUser.ServiceImp.dll
Beisen.Succession.ServiceImp.dll,Beisen.Common.dll
Beisen.Succession.ServiceImp.dll,Beisen.Kci.ServiceImp.dll
Beisen.SupportPlatform.Model.dll,Beisen.BSP.Helpers.dll
Beisen.SupportPlatform.Model.dll,Beisen.Configuration.dll
Beisen.SupportPlatform.Model.dll,Beisen.Common.dll
Beisen.SupportPlatform.ServiceImp.dll,Beisen.BSP.Helpers.dll
Beisen.SupportPlatform.ServiceImp.dll,Beisen.SupportPlatform.Model.dll
Beisen.SupportPlatform.ServiceImp.dll,Beisen.SupportPlatform.ServiceInterface.dll
Beisen.SupportPlatform.ServiceImp.dll,Beisen.BeisenUser.ServiceInterface.dll
Beisen.SupportPlatform.ServiceImp.dll,Beisen.Data.dll
Beisen.SupportPlatform.ServiceImp.dll,Beisen.Assessment.Model.dll
Beisen.SupportPlatform.ServiceImp.dll,EFExtensions.dll
Beisen.SupportPlatform.ServiceImp.dll,Beisen.Common.dll
Beisen.SupportPlatform.ServiceImp.dll,Beisen.SupportPlatform.Common.dll
Beisen.SupportPlatform.ServiceImp.dll,Beisen.HtmlHelper.Extension2.dll
Beisen.SupportPlatform.ServiceImp.dll,Beisen.BeisenUser.ServiceImp.dll
Beisen.SupportPlatform.ServiceImp.dll,Beisen.ESB.OpenApiAuth.dll
Beisen.SupportPlatform.ServiceImp.dll,Beisen.ReportEngine.BizVersion.dll
Beisen.SupportPlatform.ServiceInterface.dll,Beisen.SupportPlatform.Model.dll
Beisen.Survey.ServiceImp.dll,Beisen.Survey.ServiceInterface.dll
Beisen.Survey.ServiceImp.dll,Beisen.Survey.Model.dll
Beisen.Survey.ServiceImp.dll,Beisen.BeisenUser.ServiceImp.dll
Beisen.Survey.ServiceImp.dll,Beisen.Logging.dll
Beisen.Survey.ServiceImp.dll,Beisen.Assessment.OpenAPI.ServiceInterface.dll
Beisen.Survey.ServiceImp.dll,Beisen.BeisenUser.ServiceInterface.dll
Beisen.Survey.ServiceImp.dll,Beisen.Configuration.dll
Beisen.Survey.ServiceImp.dll,Beisen.Data.dll
Beisen.Survey.ServiceImp.dll,Beisen.Common.dll
Beisen.Survey.ServiceImp.dll,Beisen.ESB.ClientProxyFactory.dll
Beisen.Survey.ServiceInterface.dll,Beisen.Survey.Model.dll
Beisen.SurveyReport.Data.dll,Beisen.Logging.dll
Beisen.SurveyReport.Data.dll,Beisen.SurveyReport.Model.dll
Beisen.SurveyReport.Data.dll,DundasWinChart.dll
Beisen.SurveyReport.Data.dll,Beisen.ReportEngine.ServiceInterface.dll
Beisen.SurveyReport.Data.dll,Beisen.Data.dll
Beisen.SurveyReport.Data.dll,Beisen.Assessment.OpenAPI.ServiceImp.dll
Beisen.SurveyReport.Data.dll,Beisen.Assessment.OpenAPI.ServiceInterface.dll
Beisen.SurveyReport.Model.dll,Beisen.Assessment.OpenAPI.ServiceInterface.dll
Beisen.SurveyReport.ServiceImp.dll,Beisen.ReportEngine.Core.dll
Beisen.SurveyReport.ServiceImp.dll,Beisen.Logging.dll
Beisen.SurveyReport.ServiceImp.dll,Beisen.ReportEngine.ServiceInterface.dll
Beisen.SurveyReport.ServiceImp.dll,Beisen.SurveyReport.Model.dll
Beisen.SurveyReport.ServiceImp.dll,Beisen.Common.dll
Beisen.SurveyReport.ServiceImp.dll,Beisen.SurveyReport.Workflow.dll
Beisen.SurveyReport.Workflow.dll,Beisen.Logging.dll
Beisen.SurveyReport.Workflow.dll,Beisen.SurveyReport.Model.dll
Beisen.SurveyReport.Workflow.dll,Beisen.ReportEngine.ServiceInterface.dll
Beisen.SurveyReport.Workflow.dll,Beisen.SurveyReport.Data.dll
Beisen.SurveyReport.Workflow.dll,Beisen.Assessment.OpenAPI.ServiceInterface.dll
Beisen.TemplateService.ServiceImp.dll,Beisen.TemplateService.ServiceInterface.dll
Beisen.TemplateService.ServiceImp.dll,Beisen.Data.dll
Beisen.TemplateService.ServiceImp.dll,Beisen.Common.dll
Beisen.TextExtractionEngine.Model.dll,Beisen.Configuration.dll
Beisen.TextExtractionEngine.Model.dll,Beisen.Logging.dll
Beisen.TextExtractionEngine.Model.dll,Beisen.Common.dll
Beisen.UserPreference.ServiceImp.dll,Beisen.UserPreference.ServiceInterface.dll
Beisen.UserPreference.ServiceImp.dll,Beisen.Cassandra.dll
Beisen.UserPreference.ServiceImp.dll,FluentCassandra.dll
Beisen.UserPreference.ServiceImp.dll,Beisen.Common.dll
Beisen.Web.MvcControl2.Helper.dll,Beisen.Web.MvcControl2.dll
Beisen.Web.MvcControl2.Helper.dll,Beisen.Logging.dll
Beisen.Web.MvcControl2.Helper.dll,Beisen.PlatformServices.ServiceInterface.dll
Beisen.Web.MvcControl2.Helper.dll,Beisen.Configuration.dll
Beisen.Web.MvcControl2.Helper.dll,Beisen.ESB.ClientProxyFactory.dll
Beisen.WebExtension.dll,Beisen.Configuration.dll
Beisen.WebExtension.dll,AjaxMin.dll
Beisen.WebExtension.dll,log4net.dll
Beisen.WebExtension.dll,Beisen.NVelocity.dll
Beisen.WebExtension.dll,Beisen.Logging.dll
Beisen.WebExtension.dll,Beisen.ESB.ClientProxyFactory.dll
Beisen.WebExtension.XmlSerializers.dll,Beisen.WebExtension.dll
Beisen.YiZeReport.Data.dll,Beisen.YiZeReport.Model.dll
Beisen.YiZeReport.Data.dll,DundasWinChart.dll
Beisen.YiZeReport.Data.dll,Beisen.Configuration.dll
Beisen.YiZeReport.Data.dll,Beisen.ReportEngine.Core.dll
Beisen.YiZeReport.Data.dll,Beisen.Data.dll
Beisen.YiZeReport.Model.dll,Beisen.ReportEngine.ServiceInterface.dll
Beisen.YiZeReport.ServiceImp.dll,Beisen.ReportEngine.Core.dll
Beisen.YiZeReport.ServiceImp.dll,Beisen.Logging.dll
Beisen.YiZeReport.ServiceImp.dll,Beisen.ReportEngine.ServiceInterface.dll
Beisen.YiZeReport.ServiceImp.dll,Beisen.YiZeReport.Model.dll
Beisen.YiZeReport.ServiceImp.dll,Beisen.ESB.ClientProxyFactory.dll
Beisen.YiZeReport.ServiceImp.dll,Beisen.Assessment.ServiceInterface.dll
Beisen.YiZeReport.ServiceImp.dll,Beisen.AssessmentReport.Model.dll
Beisen.YiZeReport.ServiceImp.dll,Beisen.Common.dll
Beisen.YiZeReport.ServiceImp.dll,Beisen.ReportEngine.BizVersion.dll
Beisen.YiZeReport.ServiceImp.dll,Beisen.YiZeReport.Workflow.dll
Beisen.YiZeReport.Workflow.dll,Beisen.YiZeReport.Model.dll
Beisen.YiZeReport.Workflow.dll,Beisen.Logging.dll
Beisen.YiZeReport.Workflow.dll,Beisen.ReportEngine.ServiceInterface.dll
Beisen.YiZeReport.Workflow.dll,Beisen.YiZeReport.Data.dll
Beisen.YiZeReport.Workflow.dll,Beisen.Configuration.dll
Beisen.YiZeReport.Workflow.dll,Beisen.ReportEngine.Core.dll
BeisenSearchTests.dll,nunit.framework.dll
BeisenSearchTests.dll,Beisen.Lucene.dll
BeisenSearchTests.dll,Beisen.Search.Core.dll
BeisenSearchTests.dll,Beisen.ElasticSearch.dll
Ccr.Adaptors.WinForms.dll,Ccr.Core.dll
DocumentFormat.OpenXml.dll,WindowsBase.dll
DotNetTextBox.dll,Beisen.Recruiting.Online.Control.dll
DotNetTextBox.dll,Beisen.Recruiting.Online.Model.dll
DotNetTextBox.dll,EnvDTE.dll
DundasWinExtensions.dll,DundasWinChart.dll
DundasWinExtensions.dll,CustomChartTypeHelperWin.dll
EnvDTE.dll,stdole.dll
Enyim.Caching.dll,log4net.dll
ExcelPackage.dll,WindowsBase.dll
fleXdoc.Api.dll,DocumentFormat.OpenXml.dll
fleXdoc.Api.dll,Beisen.Common.dll
FluentCassandra.dll,Thrift.dll
FontBox-0.1.0-dev.dll,IKVM.Runtime.dll
FontBox-0.1.0-dev.dll,IKVM.GNU.Classpath.dll
IKVM.GNU.Classpath.DLL,IKVM.Runtime.dll
Interop.CDO.dll,Interop.ADODB.dll
Interop.Excel.dll,office.dll
Interop.Excel.dll,Microsoft.Vbe.Interop.dll
Interop.JRO.dll,Interop.ADODB.dll
Lucene.Net.Analysis.Cn.dll,Lucene.Net.dll
MetaDataTest.dll,Beisen.MultiTenant.MetaData.ServiceInterface.dll
MetaDataTest.dll,Microsoft.VisualStudio.QualityTools.UnitTestFramework.dll
MetaDataTest.dll,Beisen.MultiTenant.MetaData.ServiceImp.dll
MetaDataTest.dll,Beisen.Commmon.Test.dll
MetaDataTest.dll,Beisen.MultiTenant.Core.dll
microsoft.crm.sdktypeproxy.dll,Microsoft.Crm.Sdk.dll
Microsoft.Office.Interop.Word.dll,office.dll
Microsoft.Office.Interop.Word.dll,Microsoft.Vbe.Interop.dll
msmdvbanet.dll,Microsoft.VisualBasic.dll
MySpace.DataRelay.Client.dll,MySpace.Shared.dll
MySpace.DataRelay.Client.dll,MySpace.DataRelay.RelayComponent.Forwarding.dll
MySpace.DataRelay.Client.dll,MySpace.DataRelay.Common.dll
MySpace.DataRelay.Client.dll,MySpace.Logging.dll
MySpace.DataRelay.Client.dll,MySpace.SocketTransport.Client.dll
MySpace.DataRelay.Client.dll,MySpace.DataRelay.NodeFactory.dll
MySpace.DataRelay.Client.dll,Beisen.Configuration.dll
MySpace.DataRelay.Common.dll,MySpace.Shared.dll
MySpace.DataRelay.Common.dll,Beisen.Configuration.dll
MySpace.DataRelay.Common.dll,MySpace.DataRelay.NodeFactory.dll
MySpace.DataRelay.Common.dll,PowerCollections.dll
MySpace.DataRelay.Common.dll,MySpace.Logging.dll
MySpace.DataRelay.Common.dll,Ccr.Core.dll
MySpace.DataRelay.NodeFactory.dll,MySpace.Logging.dll
MySpace.DataRelay.RelayComponent.Forwarding.dll,MySpace.Shared.dll
MySpace.DataRelay.RelayComponent.Forwarding.dll,MySpace.DataRelay.Common.dll
MySpace.DataRelay.RelayComponent.Forwarding.dll,MySpace.DataRelay.NodeFactory.dll
MySpace.DataRelay.RelayComponent.Forwarding.dll,MySpace.Logging.dll
MySpace.DataRelay.RelayComponent.Forwarding.dll,Ccr.Core.dll
MySpace.DataRelay.RelayComponent.Forwarding.dll,MySpace.DataRelay.Transports.Socket.dll
MySpace.DataRelay.Transports.Socket.dll,MySpace.DataRelay.Common.dll
MySpace.DataRelay.Transports.Socket.dll,MySpace.Shared.dll
MySpace.DataRelay.Transports.Socket.dll,MySpace.ResourcePool.dll
MySpace.DataRelay.Transports.Socket.dll,MySpace.Logging.dll
MySpace.DataRelay.Transports.Socket.dll,MySpace.SocketTransport.Client.dll
MySpace.DataRelay.Transports.Socket.dll,MySpace.SocketTransport.AsyncClient.dll
MySpace.Logging.dll,log4net.dll
MySpace.ResourcePool.dll,MySpace.Shared.dll
MySpace.Shared.dll,MySpace.Logging.dll
MySpace.Shared.dll,Microsoft.VisualStudio.QualityTools.UnitTestFramework.dll
MySpace.SocketTransport.AsyncClient.dll,MySpace.Shared.dll
MySpace.SocketTransport.AsyncClient.dll,MySpace.Logging.dll
MySpace.SocketTransport.AsyncClient.dll,MySpace.SocketTransport.Common.dll
MySpace.SocketTransport.Client.dll,Beisen.Configuration.dll
MySpace.SocketTransport.Client.dll,MySpace.Logging.dll
MySpace.SocketTransport.Client.dll,MySpace.ResourcePool.dll
MySpace.SocketTransport.Client.dll,PowerCollections.dll
MySpace.SocketTransport.Common.dll,MySpace.Shared.dll
NPOI.DDF.dll,NPOI.Util.dll
NPOI.DDF.dll,ICSharpCode.SharpZipLib.dll
NPOI.dll,NPOI.POIFS.dll
NPOI.dll,NPOI.HPSF.dll
NPOI.dll,NPOI.Util.dll
NPOI.HPSF.dll,NPOI.Util.dll
NPOI.HPSF.dll,NPOI.POIFS.dll
NPOI.HSSF.dll,NPOI.DDF.dll
NPOI.HSSF.dll,NPOI.dll
NPOI.HSSF.dll,NPOI.Util.dll
NPOI.HSSF.dll,NPOI.POIFS.dll
NPOI.HSSF.dll,NPOI.HPSF.dll
NPOI.POIFS.dll,NPOI.Util.dll
PDFBox-0.7.3.DLL,IKVM.Runtime.dll
PDFBox-0.7.3.DLL,IKVM.GNU.Classpath.dll
PDFBox-0.7.3.DLL,bcprov-jdk14-132.dll
PDFBox-0.7.3.DLL,bcmail-jdk14-132.dll
PDFBox-0.7.3.DLL,FontBox-0.1.0-dev.dll
PDFBox-0.7.3.DLL,lucene-core-2.0.0.dll
PDFBox-0.7.3.DLL,lucene-demos-2.0.0.dll
QuestionSelected.dll,Beisen.Common.dll